{"mae": 2741.5541678898544, "rmse": 4646.34931098632, "r2 score": 0.8916903641170787}