{"mae": 2717.8196029441083, "rmse": 4633.10626580051, "r2 score": 0.8923068934443898}